Datetime,Water Level (m)
2025-03-18 06:00:00,0.001581158
2025-03-18 07:00:00,0.0020009081
2025-03-18 08:00:00,0.0026322477
2025-03-18 09:00:00,0.0024886134
2025-03-18 10:00:00,0.002054234
2025-03-18 11:00:00,0.0016426463
2025-03-18 12:00:00,0.0010472175
2025-03-18 13:00:00,-0.00010278947
2025-03-18 14:00:00,-0.00050658727
2025-03-18 15:00:00,-0.0002290526
2025-03-18 16:00:00,-3.6045316e-05
2025-03-18 17:00:00,-0.00026602185
2025-03-18 18:00:00,-0.000563502
2025-03-18 19:00:00,-0.00070787966
2025-03-18 20:00:00,-0.0005539911
2025-03-18 21:00:00,-0.0004446483
2025-03-18 22:00:00,-0.0005727115
2025-03-18 23:00:00,-0.00036855196
2025-03-19 00:00:00,-4.5699173e-05
2025-03-19 01:00:00,-0.00025964837
2025-03-19 02:00:00,-0.00059657235
2025-03-19 03:00:00,-0.00075562013
2025-03-19 04:00:00,-0.0009382939
2025-03-19 05:00:00,-0.00041346363
2025-03-19 06:00:00,0.0002931691
2025-03-19 07:00:00,0.0005027735
2025-03-19 08:00:00,0.0005571449
2025-03-19 09:00:00,0.0009094883
2025-03-19 10:00:00,0.001384757
2025-03-19 11:00:00,0.0015380383
2025-03-19 12:00:00,0.0008975686
2025-03-19 13:00:00,-0.00022931336
2025-03-19 14:00:00,-0.0013788911
2025-03-19 15:00:00,-0.0037391202
2025-03-19 16:00:00,-0.006166363
2025-03-19 17:00:00,-0.0062668445
2025-03-19 18:00:00,-0.00509761
2025-03-19 19:00:00,-0.0026264573
2025-03-19 20:00:00,-0.000845441
2025-03-19 21:00:00,-0.000584197
2025-03-19 22:00:00,-0.00045903373
2025-03-19 23:00:00,-0.00022097677
2025-03-20 00:00:00,-7.925352e-05
2025-03-20 01:00:00,-0.000665245
2025-03-20 02:00:00,-0.0019281938
2025-03-20 03:00:00,-0.0023734847
2025-03-20 04:00:00,-0.0018590153
2025-03-20 05:00:00,-0.0011326461
2025-03-20 06:00:00,-0.00032775733
2025-03-20 07:00:00,6.0773298e-05
2025-03-20 08:00:00,0.00014434136
2025-03-20 09:00:00,0.00017524087
2025-03-20 10:00:00,0.00015960565
2025-03-20 11:00:00,-0.00027392147
2025-03-20 12:00:00,0.0012429307
2025-03-20 13:00:00,0.0022745687
2025-03-20 14:00:00,-3.622462e-05
2025-03-20 15:00:00,-0.0029823924
2025-03-20 16:00:00,-0.0063872826
2025-03-20 17:00:00,-0.006689391
2025-03-20 18:00:00,-0.0057321503
2025-03-20 19:00:00,-0.00493384
2025-03-20 20:00:00,-0.0043534776
2025-03-20 21:00:00,-0.0036074559
2025-03-20 22:00:00,-0.004336731
2025-03-20 23:00:00,-0.002970192
2025-03-21 00:00:00,0.001222945
2025-03-21 01:00:00,0.0020155534
2025-03-21 02:00:00,-0.0016906398
2025-03-21 03:00:00,-0.004062872
2025-03-21 04:00:00,-0.0018157808
2025-03-21 05:00:00,0.00044441418
2025-03-21 06:00:00,0.0024523968
2025-03-21 07:00:00,0.004114807
2025-03-21 08:00:00,0.004809457
2025-03-21 09:00:00,0.006098635
2025-03-21 10:00:00,0.005955516
2025-03-21 11:00:00,0.0043465365
2025-03-21 12:00:00,0.00534113
2025-03-21 13:00:00,0.0037955383
2025-03-21 14:00:00,0.0011127993
2025-03-21 15:00:00,0.00015347813
2025-03-21 16:00:00,-0.0017972894
2025-03-21 17:00:00,-0.0026254314
2025-03-21 18:00:00,-0.002744334
2025-03-21 19:00:00,-0.002531855
2025-03-21 20:00:00,-0.0025237992
2025-03-21 21:00:00,-4.4022483e-05
2025-03-21 22:00:00,0.0015532258
2025-03-21 23:00:00,0.0007638097
2025-03-22 00:00:00,-0.00012585388
2025-03-22 01:00:00,0.00059792446
2025-03-22 02:00:00,0.00065930246
2025-03-22 03:00:00,0.0019954862
2025-03-22 04:00:00,0.004287897
2025-03-22 05:00:00,0.0056221955
2025-03-22 06:00:00,0.0047220355
2025-03-22 07:00:00,0.0033665744
2025-03-22 08:00:00,0.0019899136
2025-03-22 09:00:00,0.001068843
2025-03-22 10:00:00,0.00083492295
2025-03-22 11:00:00,0.0005989387
2025-03-22 12:00:00,0.0009643183
2025-03-22 13:00:00,0.0011940653
2025-03-22 14:00:00,0.0019842437
2025-03-22 15:00:00,0.0021446345
2025-03-22 16:00:00,0.002389675
2025-03-22 17:00:00,0.0020409657
2025-03-22 18:00:00,0.0011054594
2025-03-22 19:00:00,0.00095247856
2025-03-22 20:00:00,0.0011706061
2025-03-22 21:00:00,0.0012470711
2025-03-22 22:00:00,0.0012505859
2025-03-22 23:00:00,0.0011748087
2025-03-23 00:00:00,0.00048707076
2025-03-23 01:00:00,0.00035182489
2025-03-23 02:00:00,0.0009664866
2025-03-23 03:00:00,0.00034292793
2025-03-23 04:00:00,0.0005337139
2025-03-23 05:00:00,0.0015134839
2025-03-23 06:00:00,0.002274553
2025-03-23 07:00:00,0.0031950858
2025-03-23 08:00:00,0.003067643
2025-03-23 09:00:00,0.0028641147
2025-03-23 10:00:00,0.0025949862
2025-03-23 11:00:00,0.0026380725
2025-03-23 12:00:00,0.0029763526
2025-03-23 13:00:00,0.0023917474
2025-03-23 14:00:00,-0.00022836763
2025-03-23 15:00:00,0.002335497
2025-03-23 16:00:00,0.016666545
2025-03-23 17:00:00,0.0073309364
2025-03-23 18:00:00,0.0025899885
2025-03-23 19:00:00,0.0015874679
2025-03-23 20:00:00,0.0013252634
2025-03-23 21:00:00,0.0011396516
2025-03-23 22:00:00,0.0014247805
2025-03-23 23:00:00,0.0018881883
2025-03-24 00:00:00,0.0018263058
2025-03-24 01:00:00,0.0016681121
2025-03-24 02:00:00,0.001833206
2025-03-24 03:00:00,0.0019714376
2025-03-24 04:00:00,0.0021257189
2025-03-24 05:00:00,0.0025432287
2025-03-24 06:00:00,0.0030549308
